average_cv,sd_cv
819.1106132288628,748.9729445794204
2448.0931395521493,1556.7952688589016
4129.766416783552,2157.115809502865
