average_cv,sd_cv
1390.728758544864,1563.075826516977
2222.0971504831277,1532.4891398904306
3509.227049775336,1792.9901547410154
