average_cv,sd_cv
1220.354703198723,1240.222888184094
2266.704639610459,1528.2209666044741
4184.82724616569,2125.737300425237
